hardware,embedding_index,horizon,pomdp_build_time,probability,method,method_time,algorithm_index,error
burlington,0,6,4.843110,0.506030,bellman,373.000000,0,0.000000
burlington,1,6,5.247880,0.509070,bellman,373.000000,0,0.000000
burlington,2,6,4.891930,0.506030,bellman,374.000000,0,0.000000
burlington,3,6,5.020090,0.506030,bellman,374.000000,0,0.000000
poughkeepsie,0,6,8.292960,0.501500,bellman,374.000000,1,0.000000
poughkeepsie,1,6,8.306740,0.509070,bellman,374.000000,0,0.000000
poughkeepsie,2,6,6.846890,0.503010,bellman,435.000000,2,0.000000
poughkeepsie,3,6,6.724980,0.503010,bellman,430.000000,2,0.000000
