hardware,embedding_index,horizon,pomdp_build_time,probability,method,method_time,algorithm_index,error
burlington,0,7,5.158760,0.962670,bellman,2576.000000,0,0.000000
burlington,1,7,5.096900,0.971010,bellman,2573.000000,1,0.000000
burlington,2,7,4.765520,0.962960,bellman,2571.000000,0,0.000000
burlington,3,7,4.871990,0.953080,bellman,2574.000000,1,0.000000
poughkeepsie,0,7,8.142820,0.961020,bellman,2575.000000,0,0.000000
poughkeepsie,1,7,8.177010,0.963950,bellman,2574.000000,0,0.000000
poughkeepsie,2,7,6.661690,0.866660,bellman,2579.000000,1,0.000000
poughkeepsie,3,7,6.572130,0.858200,bellman,2570.000000,0,0.000000
