hardware,embedding_index,horizon,pomdp_build_time,probability,method,method_time,algorithm_index,error
burlington,0,6,5.136060,0.506030,bellman,2125.000000,0,0.000000
burlington,1,6,5.155820,0.509070,bellman,2267.000000,0,0.000000
burlington,2,6,4.841890,0.506030,bellman,2139.000000,0,0.000000
burlington,3,6,4.896450,0.506030,bellman,2066.000000,0,0.000000
poughkeepsie,0,6,8.098560,0.501500,bellman,2061.000000,1,0.000000
poughkeepsie,1,6,8.115570,0.509070,bellman,2189.000000,0,0.000000
poughkeepsie,2,6,6.655290,0.503010,bellman,2037.000000,2,0.000000
poughkeepsie,3,6,6.763660,0.503010,bellman,2020.000000,2,0.000000
