hardware,embedding_index,horizon,pomdp_build_time,probability,method,method_time,algorithm_index,error
athens,0,7,5.884890,0.953850,bellman,2855.000000,0,0.000000
athens,1,7,5.448660,0.958470,bellman,2769.000000,1,0.000000
athens,2,7,5.160790,0.960170,bellman,2771.000000,2,0.000000
athens,3,7,5.189530,0.971980,bellman,2781.000000,1,0.000000
athens,4,7,4.867990,0.979120,bellman,2760.000000,1,0.000000
athens,5,7,4.784290,0.981300,bellman,2778.000000,1,0.000000
perfect_hardware,0,7,0.435650,1.000000,bellman,188.000000,1,0.000000
