hardware,embedding_index,horizon,pomdp_build_time,probability,method,method_time,algorithm_index,error
athens,0,6,5.797050,0.503010,bellman,1873.000000,0,0.000000
athens,1,6,5.823550,0.503010,bellman,1782.000000,0,0.000000
athens,2,6,5.516960,0.503010,bellman,2253.000000,1,0.000000
athens,3,6,5.575460,0.501000,bellman,1777.000000,2,0.000000
athens,4,6,5.302320,0.503010,bellman,1572.000000,3,0.000000
athens,5,6,5.228060,0.503010,bellman,1773.000000,2,0.000000
perfect_hardware,0,6,0.498860,0.500000,bellman,31.000000,4,0.000000
