hardware,embedding_index,horizon,pomdp_build_time,probability,method,method_time,algorithm_index,error
boeblingen,0,3,0.449830,0.956460,bellman,0.000000,0,0.000000
boeblingen,0,4,0.449830,0.957420,bellman,4.000000,1,0.000000
boeblingen,0,5,0.449830,0.972630,bellman,19.000000,2,0.000000
boeblingen,0,6,0.449830,0.973600,bellman,81.000000,3,0.000000
boeblingen,0,7,0.449830,0.974570,bellman,342.000000,4,0.000000
boeblingen,1,3,0.498050,0.855610,bellman,0.000000,0,0.000000
boeblingen,1,4,0.498050,0.856460,bellman,4.000000,1,0.000000
boeblingen,1,5,0.498050,0.934710,bellman,19.000000,2,0.000000
boeblingen,1,6,0.498050,0.935640,bellman,83.000000,3,0.000000
boeblingen,1,7,0.498050,0.961200,bellman,342.000000,5,0.000000
bogota,0,3,0.354830,0.892440,bellman,0.000000,0,0.000000
bogota,0,4,0.354830,0.892440,bellman,3.000000,1,0.000000
bogota,0,5,0.354830,0.934680,bellman,15.000000,6,0.000000
bogota,0,6,0.354830,0.934680,bellman,65.000000,7,0.000000
bogota,0,7,0.354830,0.941490,bellman,268.000000,8,0.000000
bogota,1,3,0.337690,0.914770,bellman,0.000000,0,0.000000
bogota,1,4,0.337690,0.914810,bellman,3.000000,9,0.000000
bogota,1,5,0.337690,0.941990,bellman,15.000000,6,0.000000
bogota,1,6,0.337690,0.941990,bellman,64.000000,10,0.000000
bogota,1,7,0.337690,0.944670,bellman,269.000000,8,0.000000
bogota,2,3,0.312010,0.957000,bellman,0.000000,0,0.000000
bogota,2,4,0.312010,0.957080,bellman,3.000000,9,0.000000
bogota,2,5,0.312010,0.980930,bellman,15.000000,6,0.000000
bogota,2,6,0.312010,0.980940,bellman,65.000000,10,0.000000
bogota,2,7,0.312010,0.983360,bellman,267.000000,11,0.000000
