hardware,embedding_index,horizon,pomdp_build_time,probability,method,method_time,algorithm_index,error
kolkata,0,7,10.977440,0.986930,bellman,2549.000000,0,0.000000
kolkata,1,7,10.675690,0.984430,bellman,2528.000000,0,0.000000
kolkata,2,7,7.152300,0.914380,bellman,2478.000000,1,0.000000
kolkata,3,7,7.681960,0.922330,bellman,2564.000000,1,0.000000
quito,0,7,5.140870,0.911500,bellman,2429.000000,1,0.000000
quito,1,7,4.737010,0.921780,bellman,2517.000000,2,0.000000
quito,2,7,4.614790,0.932920,bellman,2455.000000,2,0.000000
quito,3,7,5.191160,0.907540,bellman,2483.000000,2,0.000000
