hardware,embedding_index,horizon,pomdp_build_time,probability,method,method_time,algorithm_index,error
kolkata,0,6,11.692740,0.503010,bellman,1511.000000,0,0.000000
kolkata,1,6,11.675370,0.503510,bellman,1515.000000,1,0.000000
kolkata,2,6,8.165560,0.500500,bellman,1865.000000,2,0.000000
kolkata,3,6,8.115460,0.506030,bellman,1787.000000,3,0.000000
quito,0,6,5.848330,0.502000,bellman,2278.000000,4,0.000000
quito,1,6,5.736480,0.503010,bellman,2170.000000,5,0.000000
quito,2,6,5.160630,0.501000,bellman,2086.000000,6,0.000000
quito,3,6,5.448970,0.503010,bellman,2138.000000,5,0.000000
