hardware,embedding_index,horizon,pomdp_build_time,probability,method,method_time,algorithm_index,error
auckland,0,7,7.846750,0.983340,bellman,2654.000000,0,0.000000
auckland,1,7,7.632720,0.983870,bellman,2650.000000,0,0.000000
auckland,2,7,10.425810,0.965760,bellman,2652.000000,1,0.000000
auckland,3,7,10.436920,0.973180,bellman,2650.000000,2,0.000000
essex,0,7,4.758970,0.950780,bellman,2650.000000,3,0.000000
essex,1,7,4.755710,0.956920,bellman,2651.000000,3,0.000000
essex,2,7,4.453230,0.967940,bellman,2650.000000,3,0.000000
essex,3,7,4.534340,0.957410,bellman,2651.000000,3,0.000000
