hardware,embedding_index,horizon,pomdp_build_time,probability,method,method_time,algorithm_index,error
auckland,0,6,7.752900,0.503010,bellman,1711.000000,0,0.000000
auckland,1,6,7.907840,0.503010,bellman,1703.000000,1,0.000000
auckland,2,6,10.553400,0.503010,bellman,1586.000000,2,0.000000
auckland,3,6,10.417330,0.503010,bellman,1727.000000,3,0.000000
essex,0,6,4.789080,0.506030,bellman,1959.000000,2,0.000000
essex,1,6,4.784120,0.503510,bellman,1933.000000,4,0.000000
essex,2,6,4.476700,0.503010,bellman,2021.000000,2,0.000000
essex,3,6,4.562140,0.504520,bellman,1969.000000,4,0.000000
