hardware,embedding_index,horizon,pomdp_build_time,probability,method,method_time,algorithm_index,error
auckland,0,7,8.143720,0.983340,bellman,2576.000000,0,0.000000
auckland,1,7,8.006300,0.983870,bellman,2574.000000,0,0.000000
auckland,2,7,11.077490,0.965760,bellman,2571.000000,1,0.000000
auckland,3,7,11.078270,0.973180,bellman,2573.000000,2,0.000000
essex,0,7,5.059000,0.950780,bellman,2574.000000,3,0.000000
essex,1,7,5.063580,0.956920,bellman,2572.000000,3,0.000000
essex,2,7,4.728560,0.967940,bellman,2576.000000,3,0.000000
essex,3,7,4.842600,0.957410,bellman,2567.000000,3,0.000000
