hardware,embedding_index,horizon,pomdp_build_time,probability,method,method_time,algorithm_index,error
auckland,0,6,7.619780,0.503010,bellman,319.000000,0,0.000000
auckland,1,6,8.246090,0.503010,bellman,320.000000,1,0.000000
auckland,2,6,11.299590,0.503010,bellman,319.000000,2,0.000000
auckland,3,6,11.322020,0.503010,bellman,320.000000,3,0.000000
essex,0,6,5.134710,0.506030,bellman,374.000000,2,0.000000
essex,1,6,5.197140,0.503510,bellman,373.000000,4,0.000000
essex,2,6,4.856300,0.503010,bellman,374.000000,2,0.000000
essex,3,6,4.953310,0.504520,bellman,373.000000,4,0.000000
