hardware,embedding_index,horizon,pomdp_build_time,probability,method,method_time,algorithm_index,error
geneva,0,7,9.718490,0.970420,bellman,2649.000000,0,0.000000
geneva,1,7,8.906340,0.961320,bellman,2647.000000,1,0.000000
geneva,2,7,8.966040,0.961800,bellman,2647.000000,1,0.000000
geneva,3,7,8.985470,0.970670,bellman,2650.000000,1,0.000000
lima,0,7,5.331660,0.965310,bellman,2647.000000,0,0.000000
lima,1,7,5.322490,0.972750,bellman,2650.000000,0,0.000000
lima,2,7,4.769800,0.984360,bellman,2648.000000,1,0.000000
lima,3,7,4.937760,0.981860,bellman,2650.000000,0,0.000000
