hardware,embedding_index,horizon,pomdp_build_time,probability,method,method_time,algorithm_index,error
geneva,0,7,10.195490,0.970420,bellman,2575.000000,0,0.000000
geneva,1,7,9.538330,0.961320,bellman,2577.000000,1,0.000000
geneva,2,7,9.613650,0.961800,bellman,2582.000000,1,0.000000
geneva,3,7,9.634250,0.970670,bellman,2579.000000,1,0.000000
lima,0,7,5.723260,0.965310,bellman,2573.000000,0,0.000000
lima,1,7,5.713650,0.972750,bellman,2577.000000,0,0.000000
lima,2,7,5.154070,0.984360,bellman,2575.000000,1,0.000000
lima,3,7,5.331150,0.981860,bellman,2566.000000,0,0.000000
