hardware,embedding_index,horizon,pomdp_build_time,probability,method,method_time,algorithm_index,error
geneva,0,6,9.460880,0.503010,bellman,380.000000,0,0.000000
geneva,1,6,9.730010,0.503010,bellman,380.000000,0,0.000000
geneva,2,6,9.803940,0.503510,bellman,319.000000,1,0.000000
geneva,3,6,9.822180,0.506030,bellman,319.000000,2,0.000000
lima,0,6,5.862730,0.503010,bellman,368.000000,0,0.000000
lima,1,6,5.844030,0.509070,bellman,320.000000,2,0.000000
lima,2,6,5.191630,0.502000,bellman,319.000000,3,0.000000
lima,3,6,5.442750,0.502000,bellman,319.000000,4,0.000000
