hardware,embedding_index,horizon,pomdp_build_time,probability,method,method_time,algorithm_index,error
geneva,0,6,9.321080,0.503010,bellman,1746.000000,0,0.000000
geneva,1,6,9.008030,0.503010,bellman,1861.000000,0,0.000000
geneva,2,6,8.938280,0.503510,bellman,1676.000000,1,0.000000
geneva,3,6,8.886660,0.506030,bellman,1646.000000,2,0.000000
lima,0,6,5.243820,0.503010,bellman,1931.000000,0,0.000000
lima,1,6,5.224510,0.509070,bellman,1714.000000,2,0.000000
lima,2,6,4.724270,0.502000,bellman,1474.000000,3,0.000000
lima,3,6,4.907130,0.502000,bellman,1596.000000,4,0.000000
