hardware,embedding_index,horizon,pomdp_build_time,probability,method,method_time,algorithm_index,error
london,0,7,5.103690,0.962820,bellman,2584.000000,0,0.000000
london,1,7,5.047900,0.967470,bellman,2580.000000,1,0.000000
london,2,7,4.599500,0.982020,bellman,2579.000000,1,0.000000
london,3,7,4.737880,0.978870,bellman,2585.000000,1,0.000000
mumbai,0,7,5.409650,0.952260,bellman,2581.000000,2,0.000000
mumbai,1,7,5.429720,0.969290,bellman,2580.000000,1,0.000000
mumbai,2,7,8.848070,0.989330,bellman,2585.000000,1,0.000000
mumbai,3,7,8.995800,0.988970,bellman,2573.000000,1,0.000000
