hardware,embedding_index,horizon,pomdp_build_time,probability,method,method_time,algorithm_index,error
london,0,6,4.771210,0.509070,bellman,323.000000,0,0.000000
london,1,6,5.178430,0.502500,bellman,372.000000,1,0.000000
london,2,6,4.687200,0.503010,bellman,328.000000,2,0.000000
london,3,6,4.831650,0.500000,bellman,329.000000,3,0.000000
mumbai,0,6,5.535760,0.506030,bellman,324.000000,0,0.000000
mumbai,1,6,5.549110,0.502000,bellman,324.000000,4,0.000000
mumbai,2,6,8.995380,0.503510,bellman,324.000000,5,0.000000
mumbai,3,6,9.101620,0.503010,bellman,324.000000,0,0.000000
