hardware,embedding_index,horizon,pomdp_build_time,probability,method,method_time,algorithm_index,error
london,0,6,4.737770,0.509070,bellman,1693.000000,0,0.000000
london,1,6,4.843630,0.502500,bellman,1783.000000,1,0.000000
london,2,6,4.383880,0.503010,bellman,1730.000000,2,0.000000
london,3,6,4.461460,0.500000,bellman,1608.000000,3,0.000000
mumbai,0,6,5.000730,0.506030,bellman,1504.000000,0,0.000000
mumbai,1,6,5.017670,0.502000,bellman,1456.000000,4,0.000000
mumbai,2,6,8.121500,0.503510,bellman,1450.000000,5,0.000000
mumbai,3,6,8.208160,0.503010,bellman,1426.000000,0,0.000000
