hardware,embedding_index,horizon,pomdp_build_time,probability,method,method_time,algorithm_index,error
london,0,7,4.866830,0.962820,bellman,2661.000000,0,0.000000
london,1,7,4.743590,0.967470,bellman,2651.000000,1,0.000000
london,2,7,4.258480,0.982020,bellman,2654.000000,1,0.000000
london,3,7,4.409280,0.978870,bellman,2649.000000,1,0.000000
mumbai,0,7,5.072800,0.952260,bellman,2648.000000,2,0.000000
mumbai,1,7,5.084060,0.969290,bellman,2648.000000,1,0.000000
mumbai,2,7,8.285740,0.989330,bellman,2648.000000,1,0.000000
mumbai,3,7,8.395130,0.988970,bellman,2650.000000,1,0.000000
