,experiment,with therm.,method,#hardware,#embeddings,#diff. algorithms,min. acc.,avg. acc.,max. acc.,min. build time,avg. build time,max. build time,min. method time,avg. method time,max. method time,min. total time,avg. total time,max. total time
0,state discrimination of |0> and |+>,no,convex,55,109,281,0.5,0.66934,0.75,0.01417,0.09754,0.6656,0.0,1.02965,4.0,0.0,1.02965,4.0
1,Bell state from ind. states,no,bellman,45,3317,9,0.28,0.77402,1.0,0.01172,1.14958,3.48319,0.0,6e-05,0.5972,0.0,6e-05,0.5972
2,Bell state from ind. states,no,convex,45,3317,9,0.23333,0.73661,1.0,0.01172,1.14957,3.48319,0.0,5e-05,0.49767,0.0,5e-05,0.49767
3,Bitflip [CXH],no,bellman,45,203,7,0.50093,0.9589,1.0,0.41576,6.69508,32.50928,0.93832,2385.56405,2545.0,0.93832,2385.56405,2545.0
4,Bitflip [IPMA],no,bellman,45,141,22,0.5,0.84523,1.0,0.01051,0.16098,0.91668,0.0,242.07173,989.0,0.0,242.07173,989.0
5,Bitflip [IPMA2],no,bellman,45,141,22,0.50043,0.93615,1.0,0.00483,0.5291,3.20488,0.0,90.67748,374.0,0.0,90.67748,374.0
6,GHZ,no,bellman,45,1193,12,0.11999,0.91399,1.0,0.39477,8.80895,33.1842,0.0,1.00082,3.0,0.0,1.00082,3.0
7,Reset,no,bellman,55,109,22,0.50195,0.93435,1.0,0.00045,0.00308,0.99509,0.0,1.17763,6.0,0.0,1.17763,6.0
8,Reset,no,convex,55,109,116,0.5,0.7733,1.0,0.00038,0.00291,0.5,0.0,0.00153,0.5,0.0,0.00153,0.5
