,experiment,horizon,method,#hard.,#emb.,#diff. algo.,min. acc.,avg. acc.,max. acc.,avg. build time,max. build time,avg. method time,max. method time
0,state discr.,3,convex,55,109,281,0.5,0.66934,0.75,0.09754,0.6656,1.02965,4.0
1,Bell state reach,3,bellman,45,3317,9,0.28,0.77402,1.0,1.14958,3.48319,6e-05,0.5972
2,Bell state reach,3,convex,45,3317,9,0.23333,0.73661,1.0,1.14957,3.48319,5e-05,0.49767
3,Bitflip [CXH],7,bellman,45,203,7,0.50093,0.9589,1.0,6.69508,32.50928,2385.56405,2545.0
4,Bitflip [IPMA],7,bellman,45,141,22,0.5,0.84523,1.0,0.16098,0.91668,242.07173,989.0
5,Bitflip [IPMA2],8,bellman,45,141,34,0.50043,0.93917,1.0,0.53908,3.20488,399.96917,2137.0
6,GHZ,3,bellman,45,1193,12,0.11999,0.91399,1.0,8.80895,33.1842,1.00082,3.0
7,Reset,9,bellman,55,109,35,0.50195,0.94003,1.0,0.00274,0.99509,15.06199,100.0
8,Reset,3,convex,55,109,116,0.5,0.7733,1.0,0.00291,0.5,0.00153,0.5
