algorithm_index,min_success0,avg_success0,max_success0,min_success1,avg_success1,max_success1,min_meas_succ,avg_meas_succ,max_meas_succ,min_diff_meas,avg_diff_meas,max_diff_meas,min_abs_diff_meas,avg_abs_diff_meas,max_abs_diff_meas,min_succ_1Q,avg_succ_1Q,max_succ_1Q,min_succ_2Q,avg_succ_2Q,max_succ_2Q,num_hardwares
0,0.5362,0.8913713753391426,1.0,0.5362,0.8913713753391426,1.0,0.5362,0.8913713753391426,1.0,0.0,0.0,0.0,0.0,0.0,0.0,0.0,0.9991793260461147,1.0,0.0,0.9567033533313164,0.995453,3317
2,0.61,0.9174245496884134,1.0,0.61,0.9174245496884134,1.0,0.61,0.9174245496884134,1.0,0.0,0.0,0.0,0.0,0.0,0.0,0.0,0.9992009637801055,1.0,0.0,0.9647757707444985,0.995453,3049
4,0.5963,0.8954257108585766,0.9972,0.5963,0.8954257108585766,0.9972,0.5963,0.8954257108585766,0.9972,0.0,0.0,0.0,0.0,0.0,0.0,0.960237,0.9993557679656784,1.0,0.809911,0.9768241480429225,0.995453,3168
5,0.8586,0.9871202531645558,0.9972,0.8586,0.9871202531645558,0.9972,0.8586,0.9871202531645558,0.9972,0.0,0.0,0.0,0.0,0.0,0.0,0.99078,0.999224402877698,1.0,0.5,0.5,0.5,79
7,0.5963,0.5984890909090905,0.61,0.5963,0.5984890909090905,0.61,0.5963,0.5984890909090905,0.61,0.0,0.0,0.0,0.0,0.0,0.0,0.996444,0.9992815698924732,1.0,0.5,0.5,0.5,55
8,0.5963,0.6038254237288131,0.6772,0.5963,0.6038254237288131,0.6772,0.5963,0.6038254237288131,0.6772,0.0,0.0,0.0,0.0,0.0,0.0,0.99078,0.9991139603960397,1.0,0.5,0.5,0.5,59
11,0.5362,0.5940586854460075,0.5975,0.5362,0.5940586854460075,0.5975,0.5362,0.5940586854460075,0.5975,0.0,0.0,0.0,0.0,0.0,0.0,0.987242,0.9987855294117644,1.0,0.827213,0.9590783943661977,0.990682,213
12,0.5362,0.5362,0.5362,0.5362,0.5362,0.5362,0.5362,0.5362,0.5362,0.0,0.0,0.0,0.0,0.0,0.0,0.999556,0.9998042999999999,1.0,0.963778,0.9806122,0.989673,10
17,1.0,1.0,1.0,1.0,1.0,1.0,1.0,1.0,1.0,0.0,0.0,0.0,0.0,0.0,0.0,0.0,0.0,0.0,0.0,0.0,0.0,1
