algorithm_index,min_success0,avg_success0,max_success0,min_success1,avg_success1,max_success1,min_meas_succ,avg_meas_succ,max_meas_succ,min_diff_meas,avg_diff_meas,max_diff_meas,min_abs_diff_meas,avg_abs_diff_meas,max_abs_diff_meas,min_succ_1Q,avg_succ_1Q,max_succ_1Q,min_succ_2Q,avg_succ_2Q,max_succ_2Q,num_hardwares
1,0.5362,0.9217198455882362,1.0,0.5362,0.9217198455882362,1.0,0.5362,0.9217198455882362,1.0,0.0,0.0,0.0,0.0,0.0,0.0,0.0,0.9952507731092445,1.0,0.0,0.9199112647058821,0.995453,136
3,0.5362,0.9217198455882362,1.0,0.5362,0.9217198455882362,1.0,0.5362,0.9217198455882362,1.0,0.0,0.0,0.0,0.0,0.0,0.0,0.0,0.9952507731092445,1.0,0.0,0.9199112647058821,0.995453,136
6,0.6772,0.94555,0.9952,0.6772,0.94555,0.9952,0.6772,0.94555,0.9952,0.0,0.0,0.0,0.0,0.0,0.0,0.99078,0.9988577142857142,1.0,0.5,0.5,0.5,8
7,0.9735,0.9850272727272728,0.9949,0.9735,0.9850272727272728,0.9949,0.9735,0.9850272727272728,0.9949,0.0,0.0,0.0,0.0,0.0,0.0,0.99891,0.9996580476190476,1.0,0.930495,0.9804013636363638,0.994608,11
8,0.9766,0.9819666666666667,0.9868,0.9766,0.9819666666666667,0.9868,0.9766,0.9819666666666667,0.9868,0.0,0.0,0.0,0.0,0.0,0.0,0.998943,0.99941575,1.0,0.926454,0.9675440000000001,0.992379,3
11,0.5963,0.679875,0.9157,0.5963,0.679875,0.9157,0.5963,0.679875,0.9157,0.0,0.0,0.0,0.0,0.0,0.0,0.998529,0.9993441666666668,1.0,0.5,0.5,0.5,4
14,0.9972,0.9972,0.9972,0.9972,0.9972,0.9972,0.9972,0.9972,0.9972,0.0,0.0,0.0,0.0,0.0,0.0,0.99078,0.99539,1.0,0.5,0.5,0.5,1
