hardware,embedding_index,horizon,pomdp_build_time,probability,method,method_time,algorithm_index,error
cairo,0,7,9.059140,0.989880,bellman,2574.000000,0,0.000000
cairo,1,7,8.906580,0.990230,bellman,2571.000000,1,0.000000
cairo,2,7,10.302060,0.938840,bellman,2569.000000,2,0.000000
cairo,3,7,10.297040,0.936720,bellman,2573.000000,0,0.000000
casablanca,0,7,6.202350,0.976740,bellman,2573.000000,1,0.000000
casablanca,1,7,6.021170,0.973920,bellman,2573.000000,1,0.000000
casablanca,2,7,5.852540,0.977310,bellman,2575.000000,0,0.000000
casablanca,3,7,5.835940,0.979840,bellman,2566.000000,0,0.000000
casablanca,4,7,5.410070,0.972290,bellman,2518.000000,0,0.000000
casablanca,5,7,5.004110,0.965400,bellman,2508.000000,1,0.000000
