hardware,embedding_index,horizon,pomdp_build_time,probability,method,method_time,algorithm_index,error
cairo,0,7,8.055860,0.989880,bellman,2495.000000,0,0.000000
cairo,1,7,8.603440,0.990230,bellman,2511.000000,1,0.000000
cairo,2,7,9.816280,0.938840,bellman,2467.000000,2,0.000000
cairo,3,7,9.582220,0.936720,bellman,2369.000000,0,0.000000
casablanca,0,7,4.749660,0.972290,bellman,2329.000000,0,0.000000
casablanca,1,7,4.416750,0.965400,bellman,2371.000000,1,0.000000
casablanca,2,7,5.165380,0.977310,bellman,2345.000000,0,0.000000
casablanca,3,7,5.083210,0.979840,bellman,2318.000000,0,0.000000
casablanca,4,7,5.396140,0.976740,bellman,2393.000000,1,0.000000
casablanca,5,7,5.592470,0.973920,bellman,2376.000000,1,0.000000
